participant_id,in_full,in_audit_eligible,in_strict_audit,in_balanced
P0001,True,True,True,True
P0002,True,False,False,False
P0003,True,True,True,True
P0004,True,True,True,True
P0005,True,True,True,True
P0006,True,True,True,True
P0007,True,True,True,True
P0008,True,True,True,True
P0009,True,True,True,True
P0010,True,True,True,True
P0011,True,True,True,True
P0012,True,True,True,True
P0013,True,True,True,True
P0014,True,True,True,True
P0015,True,True,True,True
P0016,True,True,True,True
P0017,True,True,True,True
P0018,True,True,True,True
P0019,True,True,True,True
P0020,True,True,True,True
P0021,True,True,True,True
P0022,True,True,True,True
P0023,True,True,False,False
P0024,True,True,True,True
P0025,True,True,True,True
P0026,True,True,True,True
P0027,True,True,True,True
P0028,True,True,True,True
P0029,True,True,True,True
P0030,True,True,True,True
P0031,True,True,True,True
P0032,True,True,True,True
P0033,True,True,True,True
P0034,True,True,True,True
P0035,True,False,False,False
P0036,True,True,True,True
P0037,True,True,True,True
P0038,True,True,True,True
P0039,True,True,True,True
P0040,True,True,True,True
P0041,True,True,True,True
P0042,True,True,True,True
P0043,True,True,True,True
P0044,True,True,True,True
P0045,True,True,True,True
P0046,True,True,True,True
P0047,True,True,True,True
P0048,True,True,True,True
P0049,True,True,True,True
P0050,True,True,True,True
P0051,True,True,True,True
P0052,True,True,True,True
P0053,True,True,True,True
P0054,True,True,True,True
P0055,True,True,True,True
P0056,True,True,True,True
P0057,True,True,True,True
P0058,True,True,True,True
P0059,True,True,False,False
P0060,True,True,True,True
P0061,True,True,True,True
P0062,True,True,True,True
P0063,True,True,True,True
P0064,True,True,True,True
P0065,True,False,False,False
P0066,True,True,True,True
P0067,True,True,True,True
P0068,True,True,True,True
P0069,True,True,True,True
P0070,True,True,True,True
P0071,True,True,True,True
P0072,True,True,True,True
P0073,True,True,True,True
P0074,True,True,True,True
P0075,True,True,True,True
P0076,True,True,True,True
P0077,True,True,True,True
P0078,True,True,True,True
P0079,True,True,True,True
P0080,True,True,True,True
P0081,True,True,True,True
P0082,True,True,True,True
P0083,True,True,True,True
P0084,True,True,True,True
P0085,True,True,True,True
P0086,True,True,True,True
P0087,True,True,True,True
P0088,True,True,True,True
P0089,True,True,True,True
P0090,True,True,True,True
P0091,True,True,True,True
P0092,True,True,True,True
P0093,True,True,True,True
P0094,True,True,True,True
P0095,True,False,False,False
P0096,True,True,True,True
P0097,True,True,True,True
P0098,True,True,True,True
P0099,True,True,True,True
P0100,True,True,True,True
P0101,True,True,True,True
P0102,True,True,True,True
P0103,True,True,True,True
P0104,True,True,True,True
P0105,True,True,True,True
P0106,True,True,True,True
P0107,True,True,True,True
P0108,True,True,True,True
P0109,True,True,True,True
P0110,True,True,True,True
P0111,True,True,True,True
P0112,True,True,True,True
P0113,True,True,True,True
P0114,True,True,True,True
P0115,True,True,True,True
P0116,True,True,True,True
P0117,True,True,True,True
P0118,True,True,True,True
P0119,True,True,True,True
P0120,True,True,True,True
P0121,True,True,True,True
P0122,True,False,False,False
P0123,True,True,True,True
P0124,True,True,True,True
P0125,True,True,True,True
P0126,True,True,True,True
P0127,True,True,True,True
P0128,True,False,False,False
P0129,True,True,True,True
P0130,True,True,True,True
P0131,True,True,True,True
P0132,True,True,True,True
P0133,True,True,True,True
P0134,True,True,True,True
P0135,True,True,True,True
P0136,True,True,True,True
P0137,True,True,True,True
P0138,True,True,True,True
P0139,True,True,True,True
P0140,True,True,True,True
P0141,True,True,True,True
P0142,True,True,True,True
P0143,True,True,True,False
P0144,True,True,True,True
P0145,True,True,True,True
P0146,True,True,True,True
P0147,True,True,True,True
P0148,True,True,True,True
P0149,True,True,True,True
P0150,True,True,True,True
P0151,True,True,True,True
P0152,True,True,True,True
P0153,True,True,True,True
P0154,True,True,True,True
P0155,True,True,True,True
P0156,True,True,True,True
P0157,True,True,True,True
P0158,True,True,True,True
P0159,True,True,True,True
P0160,True,True,True,True
P0161,True,True,True,True
P0162,True,True,True,True
P0163,True,True,True,True
P0164,True,True,True,True
P0165,True,True,True,True
P0166,True,True,True,True
P0167,True,True,True,True
P0168,True,True,True,True
P0169,True,True,True,True
P0170,True,True,True,True
P0171,True,True,True,True
P0172,True,True,True,True
P0173,True,True,True,True
P0174,True,True,True,True
P0175,True,True,True,True
P0176,True,True,True,True
P0177,True,True,True,True
P0178,True,True,True,True
P0179,True,True,True,True
P0180,True,True,True,True
P0181,True,True,True,True
P0182,True,True,True,True
P0183,True,True,True,True
P0184,True,True,True,True
P0185,True,True,True,True
P0186,True,True,True,True
P0187,True,True,True,True
P0188,True,True,True,True
P0189,True,True,True,True
P0190,True,True,True,True
P0191,True,True,True,True
P0192,True,True,True,True
P0193,True,True,True,True
P0194,True,True,True,True
P0195,True,True,True,True
P0196,True,True,True,True
P0197,True,True,True,True
P0198,True,True,True,True
P0199,True,True,True,True
P0200,True,True,True,True
P0201,True,True,True,True
P0202,True,True,True,True
P0203,True,True,True,True
P0204,True,True,True,True
P0205,True,True,True,True
P0206,True,True,True,True
P0207,True,True,True,True
P0208,True,True,True,True
P0209,True,True,True,True
P0210,True,True,True,True
P0211,True,True,True,True
P0212,True,True,True,True
P0213,True,True,True,True
P0214,True,True,True,True
P0215,True,True,True,True
P0216,True,True,True,False
P0217,True,True,True,True
P0218,True,True,True,True
P0219,True,True,True,True
P0220,True,True,True,True
P0221,True,True,True,True
P0222,True,True,True,True
P0223,True,True,True,True
P0224,True,True,True,True
P0225,True,True,True,True
P0226,True,True,True,True
P0227,True,True,True,True
P0228,True,True,True,True
P0229,True,True,True,True
P0230,True,True,True,True
P0231,True,True,True,True
P0232,True,True,True,True
P0233,True,True,True,True
P0234,True,True,True,True
P0235,True,True,True,True
P0236,True,True,True,True
P0237,True,True,True,True
P0238,True,True,True,True
P0239,True,True,True,True
P0240,True,True,True,True
P0241,True,True,True,True
P0242,True,True,True,True
P0243,True,True,True,True
P0244,True,True,True,True
P0245,True,True,True,True
P0246,True,True,True,True
P0247,True,True,True,True
P0248,True,True,True,True
P0249,True,True,True,True
P0250,True,True,True,True
P0251,True,True,True,True
P0252,True,True,True,True
P0253,True,True,False,False
P0254,True,True,True,True
P0255,True,True,True,True
P0256,True,True,True,True
P0257,True,True,True,True
P0258,True,True,True,True
P0259,True,True,False,False
P0260,True,True,True,True
P0261,True,True,True,True
P0262,True,True,True,True
P0263,True,True,False,False
P0264,True,True,True,True
P0265,True,True,True,True
P0266,True,False,False,False
P0267,True,True,True,True
P0268,True,True,True,True
P0269,True,True,True,True
P0270,True,True,True,True
P0271,True,True,True,True
P0272,True,True,True,True
P0273,True,True,True,True
P0274,True,True,True,True
P0275,True,True,True,True
P0276,True,True,True,True
P0277,True,True,True,True
P0278,True,True,True,True
P0279,True,True,True,True
P0280,True,True,True,True
P0281,True,True,True,True
P0282,True,True,True,True
P0283,True,True,True,True
P0284,True,True,True,True
P0285,True,True,True,True
P0286,True,True,True,True
P0287,True,True,True,True
P0288,True,True,True,True
P0289,True,True,True,True
P0290,True,True,True,True
P0291,True,True,True,True
P0292,True,True,True,True
P0293,True,True,True,True
P0294,True,True,True,True
P0295,True,True,True,True
P0296,True,True,True,True
P0297,True,True,True,True
P0298,True,True,True,True
P0299,True,True,True,True
P0300,True,True,True,True
P0301,True,True,True,True
P0302,True,True,True,True
P0303,True,True,True,True
P0304,True,True,True,True
P0305,True,True,True,True
P0306,True,True,True,True
P0307,True,True,True,True
P0308,True,True,True,True
P0309,True,True,True,True
P0310,True,True,True,True
P0311,True,True,True,True
P0312,True,True,True,True
P0313,True,True,True,True
P0314,True,True,True,True
P0315,True,True,True,True
P0316,True,True,True,True
P0317,True,True,True,True
P0318,True,True,True,True
P0319,True,True,True,True
P0320,True,True,True,True
P0321,True,True,True,True
P0322,True,True,True,True
P0323,True,True,True,True
P0324,True,True,True,True
P0325,True,True,True,True
P0326,True,True,True,True
P0327,True,True,True,True
P0328,True,True,True,True
P0329,True,True,True,True
P0330,True,True,True,True
P0331,True,True,True,True
P0332,True,True,True,True
P0333,True,True,True,True
P0334,True,True,True,True
P0335,True,True,True,True
P0336,True,True,True,True
P0337,True,True,True,True
P0338,True,True,True,True
P0339,True,True,True,True
P0340,True,True,True,True
P0341,True,True,True,True
P0342,True,True,True,True
P0343,True,True,True,True
P0344,True,True,True,True
P0345,True,True,True,True
P0346,True,True,True,True
P0347,True,True,True,True
P0348,True,True,True,True
P0349,True,True,True,True
P0350,True,True,True,True
P0351,True,True,True,True
P0352,True,True,True,True
P0353,True,True,True,True
P0354,True,True,True,True
P0355,True,True,True,True
P0356,True,True,True,True
P0357,True,True,True,True
P0358,True,True,True,True
P0359,True,True,True,True
P0360,True,True,True,True
P0361,True,True,True,True
P0362,True,True,True,True
P0363,True,True,True,True
P0364,True,True,True,True
P0365,True,True,True,True
P0366,True,True,True,True
P0367,True,True,True,True
P0368,True,True,True,True
P0369,True,True,True,True
P0370,True,True,True,True
P0371,True,True,True,True
P0372,True,True,True,True
P0373,True,True,True,True
P0374,True,True,True,True
P0375,True,True,True,True
P0376,True,True,True,True
P0377,True,True,True,True
P0378,True,True,True,True
P0379,True,True,True,True
P0380,True,True,True,True
P0381,True,True,True,True
P0382,True,True,True,True
P0383,True,True,True,True
P0384,True,True,True,True
P0385,True,True,True,True
P0386,True,True,True,True
P0387,True,True,True,True
P0388,True,True,True,True
P0389,True,True,True,True
P0390,True,True,True,True
P0391,True,True,True,True
P0392,True,True,False,False
P0393,True,True,True,True
P0394,True,True,True,True
P0395,True,True,True,True
P0396,True,True,True,True
P0397,True,True,True,True
P0398,True,True,True,True
P0399,True,True,True,True
P0400,True,True,True,True
P0401,True,True,True,True
P0402,True,True,True,True
P0403,True,True,True,True
P0404,True,True,True,True
P0405,True,True,True,True
P0406,True,True,True,True
P0407,True,True,True,True
P0408,True,True,True,True
P0409,True,True,True,True
P0410,True,True,True,True
P0411,True,True,True,True
P0412,True,True,True,False
P0413,True,True,True,True
P0414,True,True,True,True
P0415,True,True,True,True
P0416,True,False,False,False
P0417,True,True,True,True
P0418,True,True,True,True
P0419,True,True,True,True
P0420,True,True,True,True
P0421,True,True,True,True
P0422,True,True,True,True
P0423,True,True,True,True
P0424,True,True,True,True
P0425,True,True,True,True
P0426,True,True,True,True
P0427,True,True,True,True
P0428,True,True,True,True
P0429,True,True,True,True
P0430,True,True,True,True
P0431,True,True,True,True
P0432,True,True,True,True
P0433,True,True,True,True
P0434,True,True,True,True
P0435,True,True,True,True
P0436,True,True,True,True
P0437,True,True,True,True
P0438,True,True,True,True
P0439,True,True,True,True
P0440,True,True,True,True
P0441,True,True,True,True
P0442,True,True,True,True
P0443,True,True,True,True
P0444,True,True,True,True
P0445,True,True,True,True
P0446,True,True,True,True
P0447,True,True,True,True
P0448,True,True,True,True
P0449,True,True,True,True
P0450,True,True,True,True
P0451,True,True,True,True
P0452,True,True,True,True
P0453,True,True,True,True
P0454,True,True,True,True
P0455,True,True,True,True
P0456,True,True,True,True
P0457,True,True,True,True
P0458,True,True,True,True
P0459,True,True,True,True
P0460,True,True,True,True
P0461,True,True,True,True
P0462,True,True,True,False
P0463,True,True,True,True
P0464,True,True,True,True
P0465,True,True,True,True
P0466,True,True,True,True
P0467,True,True,True,True
P0468,True,True,True,True
P0469,True,True,True,True
P0470,True,True,True,True
P0471,True,True,True,True
P0472,True,True,True,True
P0473,True,True,True,True
P0474,True,True,True,True
P0475,True,True,True,True
P0476,True,True,True,True
P0477,True,True,True,True
P0478,True,True,True,True
P0479,True,True,True,True
P0480,True,True,True,True
P0481,True,True,True,True
P0482,True,True,True,True
P0483,True,True,True,True
P0484,True,True,True,True
P0485,True,True,True,True
P0486,True,True,True,True
P0487,True,True,True,True
P0488,True,True,True,True
P0489,True,True,True,True
P0490,True,True,True,True
P0491,True,True,True,True
P0492,True,True,True,True
P0493,True,True,True,True
P0494,True,True,True,True
P0495,True,True,True,True
P0496,True,True,True,True
P0497,True,True,True,True
P0498,True,True,True,True
P0499,True,True,True,True
P0500,True,True,True,True
P0501,True,True,True,True
P0502,True,True,True,True
P0503,True,True,True,True
P0504,True,True,True,True
P0505,True,True,True,True
P0506,True,True,True,True
P0507,True,False,False,False
P0508,True,True,True,True
P0509,True,True,True,True
P0510,True,True,True,True
P0511,True,True,True,True
P0512,True,True,True,True
P0513,True,True,True,True
P0514,True,True,True,True
P0515,True,True,True,True
