axis,asr,group,point,ci_lo,ci_hi,n_clips,n_participants,n_boot_finite,metric
race,audio,Black,0.3069204152830439,0.2976096537691122,0.31705016939269337,6337,234,2000,non_vocal_fraction
race,audio,White,0.2888516325654882,0.28027347301520217,0.2970868495089743,6506,241,2000,non_vocal_fraction
gender,audio,Female,0.28897097310978864,0.28073288101476274,0.29738006431163816,6317,236,2000,non_vocal_fraction
gender,audio,Male,0.30642456473056406,0.29738549064570136,0.31596614421428243,6526,239,2000,non_vocal_fraction
recording_device,audio,Laptop/Computer with built-in microphone,0.30609308929198065,0.29710566569876806,0.3157940333446143,5974,215,2000,non_vocal_fraction
recording_device,audio,Laptop/Computer with external microphone,0.29294651187104925,0.2802038253372605,0.30611884147845275,3191,115,2000,non_vocal_fraction
recording_device,audio,Other (Please specify),0.36170925930246156,0.28280708556449186,0.44353513281400403,106,4,1977,non_vocal_fraction
recording_device,audio,Smartphone,0.28756820964919455,0.2752217270801479,0.30042184051743664,3189,127,2000,non_vocal_fraction
recording_device,audio,Tablet,0.2832684213507764,0.252350654752119,0.31234072220198983,383,14,2000,non_vocal_fraction
english_l1l2,audio,L1 English,0.29688427165388986,0.29056603051639324,0.30333183980990414,12318,456,2000,non_vocal_fraction
english_l1l2,audio,L2 English,0.3185996184390066,0.2858914362090979,0.35149098050150585,525,19,2000,non_vocal_fraction
age,audio,18-24,0.28153005324155905,0.25976622796373877,0.3043916636397338,692,30,2000,non_vocal_fraction
age,audio,25-34,0.2910911040846871,0.2797558267195514,0.30274415883883193,3291,123,2000,non_vocal_fraction
age,audio,35-44,0.2930147545879455,0.27999487614943824,0.30594930472078125,3795,140,2000,non_vocal_fraction
age,audio,45-54,0.3012236417094803,0.28786832021664155,0.31429945244088886,2863,103,2000,non_vocal_fraction
age,audio,55-64,0.3216777828497709,0.3040231183302161,0.3393408615120485,1511,54,2000,non_vocal_fraction
age,audio,65-74,0.30979828075897786,0.28653919152635526,0.3359154610591,634,23,2000,non_vocal_fraction
age,audio,75 or older,0.3192258775593393,0.2813820892882185,0.35706966583046007,57,2,1726,non_vocal_fraction
accent_simplified,audio,SAE,0.29535015198523723,0.2839674292060987,0.3071531995987376,3972,147,2000,non_vocal_fraction
accent_simplified,audio,non-SAE,0.29882972037403976,0.29135945322888335,0.3062112739414312,8871,328,2000,non_vocal_fraction
accent,audio,African American English,0.30395342840176554,0.2932586526284921,0.3150766974982386,4463,164,2000,non_vocal_fraction
accent,audio,"Any non-American accent (British, European, Asian, African, etc)",0.31218439412257243,0.27231393152417277,0.35602628398756836,421,16,2000,non_vocal_fraction
accent,audio,California accent,0.29724280835418176,0.2694539406391904,0.3248202813293952,848,32,2000,non_vocal_fraction
accent,audio,"Latino, Hispanic, or Chicano English",0.30213832678628955,0.24025498332527984,0.3609792744608565,191,7,1996,non_vocal_fraction
accent,audio,Mid Atlantic accent,0.28544141238231197,0.2557858438074391,0.31699111597760304,691,25,2000,non_vocal_fraction
accent,audio,Midland or Northern Midwest accent,0.27762794624815723,0.2591674639482319,0.29637133412166333,931,36,2000,non_vocal_fraction
accent,audio,New England accent,0.3162353841160318,0.28553711523012426,0.3489275181150882,503,18,2000,non_vocal_fraction
accent,audio,New Orleans / Cajun accent,0.3168313809758212,0.26720696514285663,0.35839978196419786,252,9,2000,non_vocal_fraction
accent,audio,Other,0.29775274770957016,0.2315723094935681,0.3576230077341527,134,5,1990,non_vocal_fraction
accent,audio,Pacific Northwest accent,0.3162082181773767,0.2526765584458301,0.3814684385515203,173,6,1995,non_vocal_fraction
accent,audio,Southern accent,0.2959234336651014,0.27897425270300474,0.3125174780808166,2090,77,2000,non_vocal_fraction
accent,audio,Standard American English,0.29586533241404844,0.28665289867217325,0.3057556441813214,5855,221,2000,non_vocal_fraction
primary_language,audio,Arabic,0.32302083386891545,0.32302083386891545,0.32302083386891545,31,1,1244,non_vocal_fraction
primary_language,audio,English,0.2979797605746684,0.2918151447965194,0.30444086685088906,12350,457,2000,non_vocal_fraction
primary_language,audio,French,0.32485204850836463,0.23033949937322032,0.4552495640206242,168,6,1996,non_vocal_fraction
primary_language,audio,German,0.3418038783462171,0.3332444866147321,0.3503632700777021,53,2,1728,non_vocal_fraction
primary_language,audio,Japanese,0.17993448168520032,0.17993448168520032,0.17993448168520032,25,1,1245,non_vocal_fraction
primary_language,audio,Other,0.313315542901839,0.27529476716955076,0.35064261939403657,301,11,2000,non_vocal_fraction
primary_language,audio,Polish,0.3487933962138331,0.3163715555365218,0.38121523689114434,53,2,1699,non_vocal_fraction
primary_language,audio,Portuguese,0.2915906975122933,0.2915906975122933,0.2915906975122933,26,1,1253,non_vocal_fraction
primary_language,audio,Russian,0.27084901595816946,0.18369116583570771,0.362071626344917,82,3,1899,non_vocal_fraction
primary_language,audio,Signed Language,0.2965760154390236,0.2965760154390236,0.2965760154390236,29,1,1252,non_vocal_fraction
primary_language,audio,Spanish,0.2400096023729211,0.1546855195586021,0.34900727587943947,109,4,1965,non_vocal_fraction
primary_language,audio,Tagalog,0.26071787683967973,0.26071787683967973,0.26071787683967973,27,1,1247,non_vocal_fraction
race,audio,Black,242.2612246178643,236.56466242193025,247.5818191361358,6337,234,2000,wpm
race,audio,White,259.5915045058902,254.18230615066537,264.74208267753306,6506,241,2000,wpm
gender,audio,Female,246.40371210328215,241.28542178311994,251.45892801124927,6317,236,2000,wpm
gender,audio,Male,255.6460380339967,249.6383194824278,261.3537008832303,6526,239,2000,wpm
recording_device,audio,Laptop/Computer with built-in microphone,249.51461658151936,244.0167243587814,254.8636849806058,5974,215,2000,wpm
recording_device,audio,Laptop/Computer with external microphone,259.6276054080752,250.99932717492592,267.78391833626256,3191,115,2000,wpm
recording_device,audio,Other (Please specify),218.75232692514024,206.7956451594388,235.47911151861987,106,4,1977,wpm
recording_device,audio,Smartphone,247.49881189844103,239.56864926621097,255.78436507732002,3189,127,2000,wpm
recording_device,audio,Tablet,245.75025291013603,225.05044753577056,267.8138249781782,383,14,2000,wpm
english_l1l2,audio,L1 English,251.971137802677,247.78864826884424,255.82597588450778,12318,456,2000,wpm
english_l1l2,audio,L2 English,229.0442267620577,215.64677381893677,242.15007739922308,525,19,2000,wpm
age,audio,18-24,250.48192778531293,232.7646253802369,268.1545037189763,692,30,2000,wpm
age,audio,25-34,258.23857241299334,250.4392698117672,266.42659087980246,3291,123,2000,wpm
age,audio,35-44,254.2859535924455,246.78637116061893,261.5006524999066,3795,140,2000,wpm
age,audio,45-54,248.6635579100568,241.08833589901604,255.90428137829667,2863,103,2000,wpm
age,audio,55-64,242.35932855031405,232.28769716331865,251.4938278851942,1511,54,2000,wpm
age,audio,65-74,226.52877701760843,209.09948824942376,243.1558447413968,634,23,2000,wpm
age,audio,75 or older,231.46566267102395,191.8840296246614,271.0472957173865,57,2,1726,wpm
accent_simplified,audio,SAE,254.6394229215673,247.78676420386702,261.2528436843542,3972,147,2000,wpm
accent_simplified,audio,non-SAE,249.44720724704086,244.5602420134849,254.04547258573692,8871,328,2000,wpm
accent,audio,African American English,242.33926058414372,235.69756740763214,248.76514485337833,4463,164,2000,wpm
accent,audio,"Any non-American accent (British, European, Asian, African, etc)",210.1142463687565,191.39338857482812,227.79293313059384,421,16,2000,wpm
accent,audio,California accent,261.78352426219334,245.70792227482377,277.2247954127339,848,32,2000,wpm
accent,audio,"Latino, Hispanic, or Chicano English",242.7311872857228,217.0285371310389,269.1489508225911,191,7,1996,wpm
accent,audio,Mid Atlantic accent,263.9423610022146,245.63819284526892,280.84935957177646,691,25,2000,wpm
accent,audio,Midland or Northern Midwest accent,253.34025115999884,238.59684201905816,267.1417016530861,931,36,2000,wpm
accent,audio,New England accent,256.29306863783796,234.0779964993452,276.95533686494946,503,18,2000,wpm
accent,audio,New Orleans / Cajun accent,234.74703338292542,207.28428037524742,260.256510494766,252,9,2000,wpm
accent,audio,Other,252.14891933277264,226.68443982564395,275.068598791204,134,5,1990,wpm
accent,audio,Pacific Northwest accent,278.1309270703983,227.00075680062284,344.0873242975791,173,6,1995,wpm
accent,audio,Southern accent,250.05981904564516,240.9211464854011,259.7167479901436,2090,77,2000,wpm
accent,audio,Standard American English,252.1133887092165,246.31180265052734,257.5536842562141,5855,221,2000,wpm
primary_language,audio,Arabic,244.71490587547783,244.71490587547783,244.71490587547783,31,1,1244,wpm
primary_language,audio,English,251.48276305337262,247.41363658093115,255.36225159999086,12350,457,2000,wpm
primary_language,audio,French,250.3530329417284,196.7394140470826,304.49370873249086,168,6,1996,wpm
primary_language,audio,German,249.28644028775216,216.38110864182497,282.1917719336793,53,2,1728,wpm
primary_language,audio,Japanese,295.88202679240504,295.88202679240504,295.88202679240504,25,1,1245,wpm
primary_language,audio,Other,230.63455798194835,206.43741410839894,256.94312973874787,301,11,2000,wpm
primary_language,audio,Polish,245.50323517631375,224.9787985447651,266.02767180786236,53,2,1699,wpm
primary_language,audio,Portuguese,270.7183916982558,270.7183916982558,270.7183916982558,26,1,1253,wpm
primary_language,audio,Russian,252.37739685036402,229.6199774168889,277.77885785361127,82,3,1899,wpm
primary_language,audio,Signed Language,269.9993414864267,269.9993414864267,269.9993414864267,29,1,1252,wpm
primary_language,audio,Spanish,256.28172881750686,215.26987681333,292.79421191198713,109,4,1965,wpm
primary_language,audio,Tagalog,236.22016070142686,236.22016070142686,236.22016070142686,27,1,1247,wpm
